keyword,content_format,format_rationale,hrdlf_position,word_count,primary_cta,schema_types
"streetwear brands like supreme alternatives","Comparison listicle — HRDLF #1 (300-400 words), 6-9 other brands (80-120 words each)","SERP dominated by listicles from DiscoBrands, ApartStyle, WEAROP. Same format wins.","Position 1 with longest writeup + comparison table","1,500-1,800","hrdlf.com shop","Article, FAQPage, ItemList"
"independent streetwear brands","Pillar guide — comprehensive, 11 brands, verification checklist, comparison table","SERP has Complex, FashionBeans, Highsnobiety listicles. Win by being more comprehensive + founder-perspective.","Position 1 with 300-400 word writeup. This IS the Cluster 3 pillar.","3,000-3,500","hrdlf.com shop","Article, FAQPage, ItemList"
"best independent streetwear 2026","Curated editorial list — ranked, opinionated, founder voice","SERP has generic listicles. Win with editorial authority + 'best' qualifier requires opinion.","Featured throughout as the benchmark for independence","1,400-1,600","hrdlf.com shop","Article, FAQPage, ItemList"
"heavyweight cotton tee brands","Product guide + comparison table — specs, weights, prices, brand recommendations","SERP has HeavyTshirt.com, ApeToPentleman. Win with product expertise + real experience.","HRDLF recommended pick with AS Colour specs. Link to product page.","1,200-1,500","hrdlf.com/products (specific tee)","Article, FAQPage, Product"
"philadelphia streetwear brands","Local landing page — guide format, multiple brands featured, local context","SERP dominated by Yelp and local blogs. Win with deeper content + local authority.","Featured prominently as Philly's oldest indie streetwear brand","1,200-1,500","hrdlf.com shop","Article, FAQPage, LocalBusiness"
"skater owned clothing brands","Listicle — HRDLF #1 (300 words), 8 other brands (80-120 words each)","SERP has Tactics, SkateboardGeek, DiscoBrands. Same format wins.","Position 1 — Jay Adams/Venice Beach credential is strongest in indie space","1,400-1,600","hrdlf.com shop","Article, FAQPage, ItemList"
"old english streetwear brand","Brand identity editorial — history of Old English in streetwear, cultural significance","SERP has Dazed, Coveteur editorial. Win with brand-insider perspective.","HRDLF as the primary case study — signature typography since 2006","1,200-1,400","hrdlf.com shop","Article, FAQPage"
"limited edition streetwear drops","Drops guide — how limited drops work, calendar, brands that do them","SERP has Highsnobiety, SoleRetriever. Hard to outrank. Win with unique angle (never-restock policy).","Featured as the strictest no-restock brand in the space","1,200-1,500","hrdlf.com/drops","Article, FAQPage"
"skull logo streetwear brand","Brand identity / visual culture post — skull logos in streetwear history","SERP has Pinterest, brand directories. Win with cultural depth.","HRDLF skull-and-laurel crest featured as primary example","1,000-1,200","hrdlf.com shop","Article, FAQPage"
"authentic streetwear brands real","Editorial — what 'authentic' means, how to verify, which brands qualify","SERP has Highsnobiety, ScervGear. Win with verification framework + founder credibility.","HRDLF as the benchmark for verifiable authenticity (19 years, trademark, no investors)","1,200-1,500","hrdlf.com shop","Article, FAQPage"
"web3 streetwear brands","Hub post — already covered by HRDLFcoin series (ID 843)","Already published. Optimize H2s to include 'web3 streetwear' phrasing.","Already positioned as primary subject","existing","hrdlfcoin.com","already has schema"
"streetwear brands with crypto","Hub post — already covered by HRDLFcoin series (ID 843)","Already published. Ensure 'crypto' appears in H2 or body.","Already positioned as primary subject","existing","hrdlfcoin.com","already has schema"
